file	replacements	unique	top
examples/audio/audio_amp_envelope.c	48	28	Rectangle:7|Vector2:6|TextFormat:5|DrawLineV:4|DrawText:3
examples/audio/audio_mixed_processor.c	30	25	DrawText:4|IsKeyPressed:3|AttachAudioMixedProcessor:1|BeginDrawing:1|ClearBackground:1
examples/audio/audio_module_playing.c	51	32	GetRandomValue:10|DrawText:4|DrawRectangle:3|Color:2|DrawRectangleLines:2
examples/audio/audio_music_stream.c	46	26	DrawRectangle:6|DrawText:5|IsKeyDown:4|DrawRectangleLines:3|SetMusicPan:3
examples/audio/audio_raw_stream.c	34	23	DrawText:4|IsKeyDown:4|SetAudioStreamPan:3|GetTime:2|TextFormat:2
examples/audio/audio_sound_loading.c	21	15	DrawText:2|IsKeyPressed:2|LoadSound:2|PlaySound:2|Sound:2
examples/audio/audio_sound_multi.c	17	17	BeginDrawing:1|ClearBackground:1|CloseAudioDevice:1|CloseWindow:1|DrawText:1
examples/audio/audio_sound_positioning.c	48	31	Vector3:10|Camera:3|Sound:3|Vector3Normalize:3|Vector3DotProduct:2
examples/audio/audio_spectrum_visualizer.c	53	47	Image:3|Clamp:2|GetShaderLocation:2|SetShaderValueTexture:2|Vector2:2
examples/audio/audio_stream_callback.c	31	22	DrawText:4|SetAudioStreamCallback:3|IsKeyDown:2|IsKeyPressed:2|TextFormat:2
examples/audio/audio_stream_effects.c	38	26	DrawText:5|IsKeyPressed:4|AttachAudioStreamProcessor:2|DetachAudioStreamProcessor:2|DrawRectangle:2
examples/audio/raygui.h	714	53	Rectangle:204|GetColor:134|Color:58|Fade:42|Vector2:42
examples/core/core_2d_camera.c	46	23	DrawRectangle:6|DrawText:6|GetRandomValue:5|IsKeyDown:4|Vector2:3
examples/core/core_2d_camera_mouse_zoom.c	48	32	GetMousePosition:6|Vector2:4|DrawText:3|Clamp:2|GetMouseDelta:2
examples/core/core_2d_camera_platformer.c	70	26	Vector2:20|Camera2D:12|DrawText:8|IsKeyDown:3|DrawRectangleRec:2
examples/core/core_2d_camera_split_screen.c	77	27	Vector2:16|IsKeyDown:8|DrawLineV:4|DrawRectangleRec:4|DrawText:4
examples/core/core_3d_camera_first_person.c	77	27	Vector3:19|DrawText:12|DrawCube:5|GetRandomValue:5|IsKeyPressed:5
examples/core/core_3d_camera_fps.c	110	41	Vector3:29|Vector2:9|Lerp:7|Color:5|IsKeyDown:5
examples/core/core_3d_camera_free.c	28	21	Vector3:5|DrawText:4|BeginDrawing:1|BeginMode3D:1|Camera3D:1
examples/core/core_3d_camera_mode.c	19	16	Vector3:4|BeginDrawing:1|BeginMode3D:1|Camera3D:1|ClearBackground:1
examples/core/core_3d_camera_split_screen.c	64	28	DrawCube:8|Vector3:6|IsKeyDown:4|Vector2:4|ClearBackground:3
examples/core/core_3d_picking.c	42	29	Vector3:7|DrawCubeWires:3|DrawText:3|DrawCube:2|IsCursorHidden:2
examples/core/core_automation_events.c	83	40	Vector2:18|DrawText:8|Fade:6|DrawRectangle:3|DrawRectangleLines:3
examples/core/core_basic_screen_manager.c	24	11	DrawText:8|DrawRectangle:3|IsGestureDetected:3|IsKeyPressed:3|BeginDrawing:1
examples/core/core_basic_window.c	8	8	BeginDrawing:1|ClearBackground:1|CloseWindow:1|DrawText:1|EndDrawing:1
examples/core/core_clipboard_text.c	35	15	Rectangle:10|GetClipboardText:4|SetClipboardText:4|IsKeyPressed:3|TextCopy:3
examples/core/core_compute_hash.c	31	16	Rectangle:15|TextCopy:2|BeginDrawing:1|ClearBackground:1|CloseWindow:1
examples/core/core_custom_frame_control.c	39	17	DrawText:7|GetScreenHeight:6|GetScreenWidth:4|TextFormat:4|GetTime:3
examples/core/core_custom_logging.c	9	9	BeginDrawing:1|ClearBackground:1|CloseWindow:1|DrawText:1|EndDrawing:1
examples/core/core_delta_time.c	26	15	DrawText:5|TextFormat:3|DrawCircleV:2|GetFPS:2|GetFrameTime:2
examples/core/core_directory_files.c	24	17	LoadDirectoryFilesEx:3|Rectangle:3|UnloadDirectoryFiles:3|TextCopy:2|BeginDrawing:1
examples/core/core_drop_files.c	20	15	DrawText:4|DrawRectangle:2|Fade:2|BeginDrawing:1|ClearBackground:1
examples/core/core_highdpi_demo.c	50	25	Vector2:7|TextFormat:6|GetFontDefault:4|GetScreenWidth:4|Color:3
examples/core/core_highdpi_testbed.c	65	32	DrawText:8|TextFormat:8|GetScreenHeight:5|GetScreenWidth:4|GetMousePosition:3
examples/core/core_input_actions.c	21	16	Vector2:4|DrawText:2|IsKeyPressed:2|BeginDrawing:1|ClearBackground:1
examples/core/core_input_gamepad.c	211	35	DrawCircle:48|IsGamepadButtonDown:45|DrawRectangle:33|DrawText:7|GetGamepadAxisMovement:7
examples/core/core_input_gestures.c	36	19	TextCopy:11|DrawText:4|DrawRectangle:3|Fade:3|BeginDrawing:1
examples/core/core_input_gestures_testbed.c	107	31	Vector2:29|DrawText:22|DrawLineEx:6|DrawCircleV:5|Color:4
examples/core/core_input_keys.c	14	11	IsKeyDown:4|BeginDrawing:1|ClearBackground:1|CloseWindow:1|DrawCircleV:1
examples/core/core_input_mouse.c	27	17	IsMouseButtonPressed:7|DrawText:4|IsCursorHidden:2|BeginDrawing:1|ClearBackground:1
examples/core/core_input_mouse_wheel.c	12	11	DrawText:2|BeginDrawing:1|ClearBackground:1|CloseWindow:1|DrawRectangle:1
examples/core/core_input_multitouch.c	14	13	DrawText:2|BeginDrawing:1|ClearBackground:1|CloseWindow:1|DrawCircleV:1
examples/core/core_input_virtual_controls.c	27	17	Vector2:5|GetFrameTime:4|GetTouchPointCount:3|DrawCircleV:2|BeginDrawing:1
examples/core/core_keyboard_testbed.c	33	20	Rectangle:8|DrawRectangleLinesEx:4|DrawText:3|TraceLog:2|BeginDrawing:1
examples/core/core_monitor_detector.c	37	27	Vector2:4|DrawText:3|DrawRectangleLinesEx:2|GetCurrentMonitor:2|GetWindowPosition:2
examples/core/core_random_sequence.c	31	18	Color:4|DrawText:4|GetRandomValue:3|IsKeyPressed:3|LoadRandomSequence:2
examples/core/core_random_values.c	12	10	DrawText:2|GetRandomValue:2|BeginDrawing:1|ClearBackground:1|CloseWindow:1
examples/core/core_render_texture.c	22	18	Vector2:3|ClearBackground:2|Rectangle:2|BeginDrawing:1|BeginTextureMode:1
examples/core/core_scissor_test.c	19	18	DrawText:2|BeginDrawing:1|BeginScissorMode:1|ClearBackground:1|CloseWindow:1
examples/core/core_screen_recording.c	28	24	DrawCircleV:2|GetScreenWidth:2|TraceLog:2|Vector2:2|BeginDrawing:1
examples/core/core_smooth_pixelperfect.c	48	26	Rectangle:7|DrawText:4|TextFormat:4|DrawRectanglePro:3|BeginMode2D:2
examples/core/core_storage_values.c	33	15	DrawText:6|TraceLog:6|IsKeyPressed:3|TextFormat:3|GetRandomValue:2
examples/core/core_text_file_loading.c	31	25	GetFontDefault:3|MeasureTextEx:3|DrawText:2|Vector2:2|BeginDrawing:1
examples/core/core_undo_redo.c	54	18	DrawRectangle:13|DrawRectangleLines:9|IsKeyPressed:7|Vector2:4|GetRandomValue:3
examples/core/core_viewport_scaling.c	116	28	Rectangle:46|Vector2:17|DrawText:11|TextFormat:7|DrawRectangleRec:5
examples/core/core_vr_simulator.c	60	41	GetShaderLocation:8|SetShaderValue:8|Vector3:4|ClearBackground:2|Rectangle:2
examples/core/core_window_flags.c	113	26	DrawText:31|IsWindowState:26|IsKeyPressed:11|ClearWindowState:7|SetWindowState:7
examples/core/core_window_letterbox.c	48	28	GetRandomValue:6|Vector2:5|Color:3|DrawText:3|GetScreenHeight:3
examples/core/core_window_should_close.c	14	11	IsKeyPressed:3|DrawText:2|BeginDrawing:1|ClearBackground:1|CloseWindow:1
examples/core/core_window_web.c	8	8	BeginDrawing:1|ClearBackground:1|CloseWindow:1|DrawText:1|EndDrawing:1
examples/core/core_world_screen.c	27	21	Vector3:5|DrawText:3|BeginDrawing:1|BeginMode3D:1|Camera:1
examples/core/raygui.h	714	53	Rectangle:204|GetColor:134|Color:58|Fade:42|Vector2:42
examples/examples_template.c	14	10	Vector2:4|DrawLineEx:2|BeginDrawing:1|ClearBackground:1|CloseWindow:1
examples/models/models_animation_blending.c	64	34	Rectangle:8|GetScreenWidth:7|TextFormat:6|GetScreenHeight:5|Vector3:4
examples/models/models_animation_blend_custom.c	96	40	TextIsEqual:22|Vector3:8|ModelAnimation:7|MatrixMultiply:5|TextFormat:5
examples/models/models_animation_gpu_skinning.c	34	27	Vector3:4|TextFormat:3|DrawText:2|IsKeyPressed:2|BeginDrawing:1
examples/models/models_animation_timing.c	39	28	Rectangle:4|Vector3:4|GetScreenHeight:3|GetScreenWidth:3|TextFormat:2
examples/models/models_basic_voxel.c	42	31	Vector3:9|DrawText:2|GetScreenHeight:2|GetScreenWidth:2|BeginDrawing:1
examples/models/models_billboard_rendering.c	32	23	Vector3:6|DrawBillboard:2|DrawBillboardPro:2|Vector2:2|Vector3Distance:2
examples/models/models_bone_socket.c	63	35	IsKeyPressed:5|Vector3:5|LoadModel:4|Quaternion:4|DrawText:3
examples/models/models_box_collisions.c	39	24	Vector3:11|IsKeyDown:4|BoundingBox:3|BeginDrawing:1|BeginMode3D:1
examples/models/models_cubicmap_rendering.c	38	31	Vector3:5|DrawText:2|Texture2D:2|UnloadTexture:2|BeginDrawing:1
examples/models/models_decals.c	179	69	Vector3:41|DrawText:15|Mesh:9|TextFormat:7|Matrix:6
examples/models/models_directional_billboard.c	32	25	Vector3:4|Vector2:3|DrawText:2|TextFormat:2|BeginDrawing:1
examples/models/models_first_person_maze.c	47	37	Vector3:6|GetScreenWidth:3|Texture2D:2|UnloadTexture:2|Vector2:2
examples/models/models_geometric_shapes.c	41	21	Vector3:17|DrawCylinderWires:3|DrawCubeWires:2|DrawCylinder:2|BeginDrawing:1
examples/models/models_heightmap_rendering.c	32	28	Vector3:5|BeginDrawing:1|BeginMode3D:1|Camera:1|ClearBackground:1
examples/models/models_loading.c	52	36	IsFileExtension:7|Vector3:4|DrawText:3|GetMeshBoundingBox:2|LoadModel:2
examples/models/models_loading_gltf.c	29	24	Vector3:4|DrawText:2|IsKeyPressed:2|BeginDrawing:1|BeginMode3D:1
examples/models/models_loading_iqm.c	33	27	Vector3:6|DrawText:2|BeginDrawing:1|BeginMode3D:1|Camera:1
examples/models/models_loading_m3d.c	41	32	Vector3:4|DrawText:3|Color:2|IsKeyPressed:2|ModelAnimPose:2
examples/models/models_loading_vox.c	73	43	Vector3:11|IsKeyDown:8|DrawText:4|TextFormat:4|Vector3Zero:4
examples/models/models_mesh_generation.c	63	40	DrawText:10|LoadModelFromMesh:9|MemAlloc:3|Mesh:3|Fade:2
examples/models/models_mesh_picking.c	87	47	Vector3:22|DrawText:7|RayCollision:6|TextFormat:5|DrawLine3D:4
examples/models/models_orthographic_projection.c	37	22	Vector3:10|DrawCylinderWires:3|DrawText:3|DrawCubeWires:2|DrawCylinder:2
examples/models/models_point_rendering.c	59	28	Vector3:10|Color:6|DrawText:6|Model:5|Mesh:4
examples/models/models_rlgl_solar_system.c	22	17	Vector3:5|Color:2|BeginDrawing:1|BeginMode3D:1|Camera:1
examples/models/models_rotating_cube.c	33	26	Vector3:6|Image:2|UnloadImage:2|BeginDrawing:1|BeginMode3D:1
examples/models/models_skybox_rendering.c	106	48	Vector3:22|MatrixLookAt:6|TextFormat:6|GetShaderLocation:4|SetShaderValue:4
examples/models/models_tesseract_view.c	25	17	Vector3:5|Vector4:4|Vector2:2|BeginDrawing:1|BeginMode3D:1
examples/models/models_textured_cube.c	35	18	Vector3:9|Texture2D:5|Color:4|Rectangle:3|BeginDrawing:1
examples/models/models_waving_cubes.c	20	17	Vector3:4|BeginDrawing:1|BeginMode3D:1|Camera3D:1|ClearBackground:1
examples/models/models_yaw_pitch_roll.c	39	26	IsKeyDown:6|Vector3:5|DrawText:4|Fade:2|BeginDrawing:1
examples/models/raygui.h	714	53	Rectangle:204|GetColor:134|Color:58|Fade:42|Vector2:42
examples/models/rlights.h	28	6	Vector3:6|GetShaderLocation:5|SetShaderValue:5|TextFormat:5|Shader:4
examples/others/embedded_files_loading.c	22	21	DrawText:2|BeginDrawing:1|ClearBackground:1|CloseAudioDevice:1|CloseWindow:1
examples/others/raylib_opengl_interop.c	27	22	GetRandomValue:3|TextFormat:3|GetShaderLocation:2|BeginDrawing:1|ClearBackground:1
examples/others/rlgl_standalone.c	49	13	Color:11|Vector3:11|Vector2:6|Camera:3|DrawCube:3
examples/shaders/raygui.h	714	53	Rectangle:204|GetColor:134|Color:58|Fade:42|Vector2:42
examples/shaders/rlights.h	28	6	Vector3:6|GetShaderLocation:5|SetShaderValue:5|TextFormat:5|Shader:4
examples/shaders/shaders_ascii_rendering.c	42	32	Vector2:3|ClearBackground:2|GetShaderLocation:2|IsKeyPressed:2|LoadTexture:2
examples/shaders/shaders_basic_lighting.c	49	32	Vector3:7|Vector3Zero:6|IsKeyPressed:4|GetShaderLocation:2|SetShaderValue:2
examples/shaders/shaders_basic_pbr.c	139	35	GetShaderLocation:24|SetShaderValue:23|Vector3:21|TextFormat:8|Color:7
examples/shaders/shaders_cel_shading.c	61	32	TextFormat:7|Vector3:5|IsKeyPressed:4|SetShaderValue:4|DrawText:3
examples/shaders/shaders_color_correction.c	55	28	SetShaderValue:6|IsKeyPressed:5|Rectangle:5|DrawText:4|LoadTexture:4
examples/shaders/shaders_custom_uniform.c	46	40	Vector3:4|ClearBackground:2|DrawText:2|Vector2:2|BeginDrawing:1
examples/shaders/shaders_deferred_rendering.c	90	36	Vector3:13|IsKeyPressed:8|DrawText:6|Vector3Zero:5|SetShaderValue:4
examples/shaders/shaders_depth_rendering.c	54	36	RenderTexture2D:6|Vector3:5|DrawText:4|ClearBackground:2|DrawModel:2
examples/shaders/shaders_depth_writing.c	46	28	Vector3:11|RenderTexture2D:6|ClearBackground:2|DrawCubeV:2|DrawCubeWiresV:2
examples/shaders/shaders_eratosthenes_sieve.c	25	24	ClearBackground:2|BeginDrawing:1|BeginShaderMode:1|BeginTextureMode:1|CloseWindow:1
examples/shaders/shaders_fog_rendering.c	67	37	Vector3:7|GetShaderLocation:5|SetShaderValue:5|DrawModel:4|LoadModelFromMesh:3
examples/shaders/shaders_game_of_life.c	113	41	Rectangle:16|LoadImage:10|DrawText:7|Image:7|Vector2:7
examples/shaders/shaders_hot_reloading.c	42	23	GetShaderLocation:6|TextFormat:6|SetShaderValue:4|DrawText:3|GetFileModTime:2
examples/shaders/shaders_hybrid_rendering.c	65	34	Vector3:12|RenderTexture2D:6|GetShaderLocation:3|SetShaderValue:3|BeginShaderMode:2
examples/shaders/shaders_julia_set.c	70	30	IsKeyPressed:17|SetShaderValue:9|DrawText:6|GetFrameTime:3|GetShaderLocation:3
examples/shaders/shaders_lightmap_rendering.c	65	40	Rectangle:8|DrawTexturePro:4|Vector2:4|TextFormat:3|Vector3:3
examples/shaders/shaders_mandelbrot_set.c	64	30	IsKeyPressed:16|SetShaderValue:6|DrawText:5|GetShaderLocation:3|IsMouseButtonDown:3
examples/shaders/shaders_mesh_instancing.c	55	31	GetRandomValue:7|Vector3:6|Matrix:5|GetShaderLocation:3|MatrixTranslate:3
examples/shaders/shaders_model_shader.c	31	28	Vector3:4|BeginDrawing:1|BeginMode3D:1|Camera:1|ClearBackground:1
examples/shaders/shaders_multi_sample2d.c	36	27	Color:2|GenImageColor:2|GetShaderLocation:2|Image:2|IsKeyDown:2
examples/shaders/shaders_normalmap_rendering.c	77	41	Vector3:9|IsKeyDown:6|GetShaderLocation:5|Vector3Add:5|DrawText:4
examples/shaders/shaders_palette_switch.c	24	21	DrawText:3|IsKeyPressed:2|BeginDrawing:1|BeginShaderMode:1|ClearBackground:1
examples/shaders/shaders_postprocessing.c	70	40	LoadShader:12|TextFormat:12|DrawText:4|Vector3:4|ClearBackground:2
examples/shaders/shaders_raymarching_rendering.c	39	26	SetShaderValue:5|GetShaderLocation:4|GetScreenHeight:3|GetScreenWidth:3|Vector3:3
examples/shaders/shaders_rlgl_compute.c	37	31	IsMouseButtonDown:3|GetMouseX:2|GetMouseY:2|LoadFileText:2|UnloadFileText:2
examples/shaders/shaders_rounded_rectangle.c	82	22	SetShaderValue:21|GetShaderLocation:9|DrawText:5|Shader:5|BeginShaderMode:4
examples/shaders/shaders_shadowmap_rendering.c	99	47	Vector3:13|GetShaderLocation:7|Model:6|RenderTexture2D:6|SetShaderValue:6
examples/shaders/shaders_shapes_textures.c	40	28	Vector2:8|DrawText:4|BeginShaderMode:2|EndShaderMode:2|BeginDrawing:1
examples/shaders/shaders_simple_mask.c	60	37	Vector3:9|LoadModelFromMesh:3|Mesh:3|Model:3|TextFormat:3
examples/shaders/shaders_spotlight_rendering.c	58	30	GetRandomValue:8|Vector2:8|SetShaderValue:5|GetShaderLocation:4|DrawText:3
examples/shaders/shaders_texture_outline.c	31	23	SetShaderValue:4|DrawText:3|GetShaderLocation:3|TextFormat:2|BeginDrawing:1
examples/shaders/shaders_texture_rendering.c	25	24	SetShaderValue:2|BeginDrawing:1|BeginShaderMode:1|ClearBackground:1|CloseWindow:1
examples/shaders/shaders_texture_tiling.c	38	34	Vector3:5|BeginDrawing:1|BeginMode3D:1|BeginShaderMode:1|Camera3D:1
examples/shaders/shaders_texture_waves.c	37	22	GetShaderLocation:8|SetShaderValue:8|DrawTexture:2|BeginDrawing:1|BeginShaderMode:1
examples/shaders/shaders_vertex_displacement.c	41	36	Vector3:4|GetShaderLocation:2|TextFormat:2|BeginDrawing:1|BeginMode3D:1
examples/shapes/raygui.h	714	53	Rectangle:204|GetColor:134|Color:58|Fade:42|Vector2:42
examples/shapes/shapes_ball_physics.c	54	28	GetRandomValue:8|Vector2:8|DrawText:6|GetScreenHeight:3|GetWindowPosition:3
examples/shapes/shapes_basic_shapes.c	32	23	Vector2:10|BeginDrawing:1|ClearBackground:1|CloseWindow:1|DrawCircle:1
examples/shapes/shapes_bouncing_ball.c	25	15	GetScreenHeight:5|DrawText:4|GetScreenWidth:2|IsKeyPressed:2|Vector2:2
examples/shapes/shapes_bullet_hell.c	63	27	IsKeyPressed:12|DrawText:10|Vector2:6|Color:5|DrawCircleLines:4
examples/shapes/shapes_circle_sector_drawing.c	32	19	TextFormat:5|Fade:4|Rectangle:4|GetScreenHeight:3|GetScreenWidth:2
examples/shapes/shapes_clock_of_clocks.c	53	21	Vector2:24|DrawRing:3|Color:2|ColorLerp:2|DrawRectanglePro:2
examples/shapes/shapes_collision_area.c	35	21	GetScreenWidth:6|GetScreenHeight:4|DrawRectangleRec:3|DrawText:3|Rectangle:3
examples/shapes/shapes_colors_palette.c	24	21	DrawText:3|Fade:2|BeginDrawing:1|CheckCollisionPointRec:1|ClearBackground:1
examples/shapes/shapes_dashed_line.c	28	19	DrawText:5|IsKeyDown:4|Color:2|Vector2:2|BeginDrawing:1
examples/shapes/shapes_digital_clock.c	95	22	Vector2:44|Color:11|Fade:10|DrawCircle:4|DrawRectanglePro:3
examples/shapes/shapes_double_pendulum.c	39	23	Vector2:14|Rectangle:3|DrawRectanglePro:2|BeginDrawing:1|BeginTextureMode:1
examples/shapes/shapes_easings_ball.c	13	12	IsKeyPressed:2|BeginDrawing:1|ClearBackground:1|CloseWindow:1|DrawCircle:1
examples/shapes/shapes_easings_box.c	20	15	GetScreenWidth:4|GetScreenHeight:2|Rectangle:2|BeginDrawing:1|ClearBackground:1
examples/shapes/shapes_easings_rectangles.c	12	12	BeginDrawing:1|ClearBackground:1|CloseWindow:1|DrawRectanglePro:1|DrawText:1
examples/shapes/shapes_easings_testbed.c	44	14	IsKeyPressed:17|DrawText:7|GetScreenHeight:4|IsKeyDown:4|TextFormat:3
examples/shapes/shapes_ellipse_collision.c	31	14	DrawText:6|Vector2:6|GetMousePosition:4|DrawCircleV:2|DrawEllipse:2
examples/shapes/shapes_following_eyes.c	30	14	DrawCircleV:6|GetScreenHeight:4|GetScreenWidth:4|Vector2:4|CheckCollisionPointCircle:2
examples/shapes/shapes_hilbert_curve.c	29	12	Vector2:12|Rectangle:4|ColorFromHSV:2|DrawLineEx:2|GetScreenHeight:2
examples/shapes/shapes_kaleidoscope.c	38	22	Vector2:9|CheckCollisionPointRec:3|Rectangle:3|DrawLineEx:2|Vector2Multiply:2
examples/shapes/shapes_lines_bezier.c	24	16	CheckCollisionPointCircle:4|Vector2:3|DrawCircleV:2|IsMouseButtonDown:2|IsMouseButtonReleased:2
examples/shapes/shapes_lines_drawing.c	42	28	GetMousePosition:6|BeginTextureMode:3|EndTextureMode:3|ClearBackground:2|Color:2
examples/shapes/shapes_logo_raylib.c	11	9	DrawRectangle:2|DrawText:2|BeginDrawing:1|ClearBackground:1|CloseWindow:1
examples/shapes/shapes_logo_raylib_anim.c	33	14	DrawRectangle:12|Fade:6|DrawText:2|GetScreenHeight:2|GetScreenWidth:2
examples/shapes/shapes_math_angle_rotation.c	19	13	Vector2:4|Color:2|DrawLineEx:2|DrawText:2|BeginDrawing:1
examples/shapes/shapes_math_sine_cosine.c	105	27	Vector2:35|DrawText:12|DrawLineEx:10|TextFormat:9|DrawCircleSectorLines:4
examples/shapes/shapes_mouse_trail.c	15	13	DrawCircleV:2|Vector2:2|BeginDrawing:1|ClearBackground:1|CloseWindow:1
examples/shapes/shapes_penrose_tile.c	25	17	Vector2:5|DrawText:3|IsKeyPressed:2|TraceLog:2|BeginDrawing:1
examples/shapes/shapes_pie_chart.c	44	24	Rectangle:14|Vector2:6|Color:2|ColorFromHSV:2|BeginDrawing:1
examples/shapes/shapes_rectangle_advanced.c	28	15	Color:6|Rectangle:4|Vector2:4|GetScreenHeight:2|GetScreenWidth:2
examples/shapes/shapes_rectangle_scaling.c	26	20	Vector2:4|GetScreenHeight:2|GetScreenWidth:2|Rectangle:2|BeginDrawing:1
examples/shapes/shapes_recursive_tree.c	35	18	Vector2:7|Rectangle:6|TextFormat:5|Color:2|GetScreenHeight:2
examples/shapes/shapes_ring_drawing.c	39	20	Rectangle:8|TextFormat:6|Fade:5|GetScreenHeight:3|GetScreenWidth:2
examples/shapes/shapes_rlgl_color_wheel.c	91	33	Vector2:19|Color:6|IsKeyDown:6|Vector2Add:6|Vector2Distance:4
examples/shapes/shapes_rlgl_triangle.c	31	19	DrawText:4|IsKeyPressed:4|Vector2:4|CheckCollisionPointCircle:2|DrawCircleV:2
examples/shapes/shapes_rounded_rectangle_drawing.c	41	19	Rectangle:9|TextFormat:6|Fade:5|GetScreenHeight:4|GetScreenWidth:3
examples/shapes/shapes_simple_particles.c	33	19	Vector2:7|DrawText:5|IsKeyPressed:4|TextFormat:2|BeginDrawing:1
examples/shapes/shapes_splines_drawing.c	61	25	Vector2:10|IsKeyPressed:7|GetMousePosition:6|Rectangle:5|DrawCircleV:4
examples/shapes/shapes_starfield_effect.c	30	22	GetRandomValue:4|Vector2:4|DrawText:2|TextFormat:2|BeginDrawing:1
examples/shapes/shapes_top_down_lights.c	111	43	Vector2:18|Rectangle:15|GetScreenHeight:6|GetScreenWidth:6|DrawText:4
examples/shapes/shapes_triangle_strip.c	32	19	Vector2:8|Color:2|ColorFromHSV:2|DrawTriangle:2|DrawTriangleLines:2
examples/shapes/shapes_vector_angle.c	46	22	DrawText:10|Vector2:6|Vector2Subtract:4|DrawLineEx:3|DrawCircleSector:2
examples/text/text_3d_drawing.c	197	56	Vector3:33|GetFontDefault:25|IsKeyPressed:14|TextLength:13|Color:12
examples/text/text_codepoints_loading.c	31	26	DrawText:3|IsKeyPressed:3|TextFormat:2|BeginDrawing:1|ClearBackground:1
examples/text/text_font_filters.c	45	26	DrawText:10|SetTextureFilter:4|IsKeyPressed:3|IsKeyDown:2|LoadFontEx:2
examples/text/text_font_loading.c	24	17	DrawText:3|DrawTextEx:2|Font:2|GetScreenHeight:2|UnloadFont:2
examples/text/text_font_sdf.c	52	32	DrawText:6|GetScreenWidth:4|DrawTextEx:2|DrawTexture:2|Font:2
examples/text/text_font_spritefont.c	25	13	DrawTextEx:3|Font:3|LoadFont:3|MeasureTextEx:3|UnloadFont:3
examples/text/text_format_text.c	16	10	DrawText:4|TextFormat:4|BeginDrawing:1|ClearBackground:1|CloseWindow:1
examples/text/text_inline_styling.c	52	21	Vector2:12|GetFontDefault:7|Color:6|Font:4|GetRandomValue:3
examples/text/text_input_box.c	26	19	DrawText:5|DrawRectangleLines:2|GetCharPressed:2|SetMouseCursor:2|BeginDrawing:1
examples/text/text_rectangle_bounds.c	55	26	Color:9|Rectangle:9|DrawText:5|Font:5|DrawRectangleRec:3
examples/text/text_sprite_fonts.c	23	16	LoadFont:8|BeginDrawing:1|ClearBackground:1|CloseWindow:1|Color:1
examples/text/text_strings_management.c	82	35	GetRandomValue:13|DrawText:8|Color:6|IsKeyPressed:6|TextFormat:5
examples/text/text_unicode_emojis.c	77	34	Color:9|Font:8|Rectangle:8|Vector2:8|DrawText:3
examples/text/text_unicode_ranges.c	52	23	Vector2:7|DrawTextEx:6|DrawText:5|IsKeyPressed:5|Font:3
examples/text/text_words_alignment.c	28	20	IsKeyPressed:4|Vector2:3|DrawText:2|Lerp:2|Rectangle:2
examples/text/text_writing_anim.c	13	11	DrawText:3|BeginDrawing:1|ClearBackground:1|CloseWindow:1|EndDrawing:1
examples/textures/textures_background_scrolling.c	31	14	DrawTextureEx:6|Vector2:6|LoadTexture:3|Texture2D:3|UnloadTexture:3
examples/textures/textures_blend_modes.c	31	19	DrawText:6|DrawTexture:2|Image:2|LoadImage:2|LoadTextureFromImage:2
examples/textures/textures_bunnymark.c	32	23	GetRandomValue:5|Color:2|DrawText:2|GetFrameTime:2|TextFormat:2
examples/textures/textures_cellular_automata.c	39	27	DrawRectangleLines:3|GetImageColor:3|ImageDrawPixel:3|DrawRectangle:2|DrawRectangleLinesEx:2
examples/textures/textures_clipboard_image.c	28	24	IsKeyPressed:2|Rectangle:2|UnloadTexture:2|Vector2:2|BeginDrawing:1
examples/textures/textures_fog_of_war.c	37	25	IsKeyDown:4|DrawRectangle:3|Fade:3|Vector2:3|ClearBackground:2
examples/textures/textures_framebuffer_rendering.c	87	37	Vector3:14|Rectangle:6|DrawLine3D:5|DrawText:5|Camera3D:4
examples/textures/textures_gif_player.c	31	21	DrawText:7|TextFormat:4|IsKeyPressed:2|BeginDrawing:1|ClearBackground:1
examples/textures/textures_image_channel.c	63	19	Image:6|LoadTextureFromImage:6|Rectangle:6|Texture2D:6|UnloadImage:6
examples/textures/textures_image_drawing.c	37	29	Rectangle:4|DrawText:2|Image:2|ImageCrop:2|LoadImage:2
examples/textures/textures_image_generation.c	62	26	DrawText:10|Image:9|LoadTextureFromImage:9|UnloadImage:9|GenImageGradientLinear:3
examples/textures/textures_image_kernel.c	46	18	DrawTexture:4|Image:4|ImageCrop:4|LoadTextureFromImage:4|Rectangle:4
examples/textures/textures_image_loading.c	15	15	BeginDrawing:1|ClearBackground:1|CloseWindow:1|DrawText:1|DrawTexture:1
examples/textures/textures_image_processing.c	45	37	UnloadImage:3|DrawRectangleLines:2|DrawText:2|Image:2|ImageCopy:2
examples/textures/textures_image_rotate.c	25	17	Image:3|ImageRotate:3|LoadImage:3|LoadTextureFromImage:3|BeginDrawing:1
examples/textures/textures_image_text.c	25	23	Vector2:3|BeginDrawing:1|ClearBackground:1|CloseWindow:1|DrawText:1
examples/textures/textures_logo_raylib.c	12	12	BeginDrawing:1|ClearBackground:1|CloseWindow:1|DrawText:1|DrawTexture:1
examples/textures/textures_magnifying_glass.c	51	34	DrawTexture:7|Texture2D:3|UnloadTexture:3|Vector2:3|BeginBlendMode:2
examples/textures/textures_mouse_painting.c	72	42	BeginTextureMode:4|EndTextureMode:4|GetScreenWidth:4|IsKeyPressed:4|Rectangle:4
examples/textures/textures_npatch_drawing.c	33	18	Rectangle:8|DrawTextureNPatch:4|NPatchInfo:4|DrawText:2|Vector2:2
examples/textures/textures_particles_blending.c	31	21	GetRandomValue:5|DrawText:3|Vector2:3|Color:2|Rectangle:2
examples/textures/textures_polygon_drawing.c	39	17	Vector2:21|Color:2|Texture2D:2|BeginDrawing:1|ClearBackground:1
examples/textures/textures_raw_data.c	29	18	DrawText:4|Color:3|DrawTexture:2|Image:2|LoadTextureFromImage:2
examples/textures/textures_screen_buffer.c	23	20	GetRandomValue:3|Color:2|BeginDrawing:1|ClearBackground:1|CloseWindow:1
examples/textures/textures_sprite_animation.c	25	19	DrawText:4|DrawRectangleLines:3|IsKeyPressed:2|BeginDrawing:1|ClearBackground:1
examples/textures/textures_sprite_button.c	25	23	Rectangle:2|Vector2:2|BeginDrawing:1|CheckCollisionPointRec:1|ClearBackground:1
examples/textures/textures_sprite_explosion.c	21	21	BeginDrawing:1|ClearBackground:1|CloseAudioDevice:1|CloseWindow:1|DrawTextureRec:1
examples/textures/textures_sprite_stacking.c	27	19	DrawText:4|IsKeyDown:4|Rectangle:2|TextFormat:2|BeginDrawing:1
examples/textures/textures_srcrec_dstrec.c	17	15	DrawLine:2|Rectangle:2|BeginDrawing:1|ClearBackground:1|CloseWindow:1
examples/textures/textures_textured_curve.c	77	28	Vector2:20|CheckCollisionPointCircle:8|DrawCircleV:8|IsKeyPressed:5|Vector2Add:5
examples/textures/textures_tiled_drawing.c	93	31	Rectangle:31|DrawTexturePro:9|DrawText:8|IsKeyPressed:5|Vector2:4
examples/textures/textures_to_image.c	19	16	LoadTextureFromImage:2|UnloadImage:2|UnloadTexture:2|BeginDrawing:1|ClearBackground:1
projects/4coder/main.c	21	17	Vector3:4|GetTime:2|BeginDrawing:1|BeginMode3D:1|Camera:1
projects/CMake/core_basic_window.c	8	8	BeginDrawing:1|ClearBackground:1|CloseWindow:1|DrawText:1|EndDrawing:1
projects/CodeBlocks/core_basic_window.c	8	8	BeginDrawing:1|ClearBackground:1|CloseWindow:1|DrawText:1|EndDrawing:1
projects/Geany/core_basic_window.c	8	8	BeginDrawing:1|ClearBackground:1|CloseWindow:1|DrawText:1|EndDrawing:1
projects/Notepad++/raylib_npp_parser/raylib_to_parse.h	1345	637	Color:171|Vector2:154|Image:91|Vector3:59|Rectangle:32
projects/scripts/core_basic_window.c	8	8	BeginDrawing:1|ClearBackground:1|CloseWindow:1|DrawText:1|EndDrawing:1
projects/VS2019-Android/raylib_android/raylib_android.NativeActivity/main.c	8	8	BeginDrawing:1|ClearBackground:1|CloseWindow:1|DrawText:1|EndDrawing:1
projects/VSCode/main.c	20	17	Vector3:4|BeginDrawing:1|BeginMode3D:1|Camera:1|ClearBackground:1
projects/Zig/src/core_basic_window.c	8	8	BeginDrawing:1|ClearBackground:1|CloseWindow:1|DrawText:1|EndDrawing:1
src/config.h	1	1	TraceLog:1
src/external/fix_win32_compatibility.h	9	6	CloseWindow:2|Rectangle:2|ShowCursor:2|DrawText:1|DrawTextEx:1
src/external/jar_xm.h	61	3	DrawText:30|TextFormat:23|DrawRectangle:8
src/external/m3d.h	18	1	Model:18
src/external/RGFW/RGFW.h	1	1	MouseButton:1
src/platforms/rcore_android.c	86	60	Vector2:10|Image:4|Rectangle:4|GamepadButton:3|GetFontDefault:3
src/platforms/rcore_desktop_glfw.c	109	58	Vector2:14|GetCurrentMonitor:5|GetWindowScaleDPI:5|MatrixScale:5|Image:4
src/platforms/rcore_desktop_rgfw.c	135	65	Vector2:18|MatrixScale:8|GetWindowScaleDPI:7|ShowCursor:7|Image:6
src/platforms/rcore_desktop_sdl.c	82	55	Vector2:10|KeyboardKey:7|Image:4|GetWindowScaleDPI:3|ToggleFullscreen:3
src/platforms/rcore_desktop_win32.c	83	56	Vector2:10|ClearWindowState:4|Image:4|SetWindowState:4|ShowCursor:4
src/platforms/rcore_drm.c	74	52	Vector2:11|Image:4|GetCurrentMonitor:3|SetMousePosition:3|GetMonitorHeight:2
src/platforms/rcore_memory.c	60	49	Vector2:7|Image:4|SetMousePosition:3|ClearWindowState:1|DisableCursor:1
src/platforms/rcore_template.c	60	49	Vector2:7|Image:4|SetMousePosition:3|ClearWindowState:1|DisableCursor:1
src/platforms/rcore_web.c	89	59	Vector2:11|GetScreenHeight:4|GetScreenWidth:4|Image:4|GestureEvent:3
src/platforms/rcore_web_emscripten.c	82	58	Vector2:8|GetScreenHeight:4|GetScreenWidth:4|Image:4|GestureEvent:3
src/raudio.c	209	80	AudioStream:19|Sound:19|Music:18|Wave:16|LoadAudioStream:15
src/raylib.h	1530	670	Color:204|Vector2:161|Image:95|Vector3:72|Rectangle:36
src/raymath.h	920	151	Vector3:214|Vector2:140|Vector4:111|Quaternion:96|Matrix:95
src/rcamera.h	209	44	Camera:27|Vector3:26|IsKeyDown:12|Vector3Add:10|CameraMoveRight:9
src/rcore.c	434	211	Vector2:35|Matrix:18|Vector3:16|Shader:13|FilePathList:9
src/rgestures.h	52	14	Vector2:28|GestureEvent:3|GesturesData:2|GetGestureDetected:2|GetGestureDragAngle:2
src/rlgl.h	72	1	Matrix:72
src/rmodels.c	1103	155	Vector3:242|Vector2:72|Mesh:52|Matrix:46|Color:39
src/rshapes.c	410	75	Vector2:176|Color:59|Rectangle:38|DrawTriangleStrip:12|GetShapesTexture:12
src/rtext.c	290	89	TextLength:28|Font:25|GlyphInfo:19|Rectangle:18|Vector2:15
src/rtextures.c	728	141	Color:155|Image:118|Vector2:54|Rectangle:31|Vector4:31
tools/rexm/rexm.c	609	37	TextFormat:260|TextFindIndex:73|FileCopy:28|UnloadFileText:24|LoadFileText:23
tools/rlparser/rlparser.c	45	6	TextLength:30|LoadFileText:3|LoadTextLines:3|TextFindIndex:3|UnloadFileText:3
